,app,simSeconds,hostSeconds,readReqs,writeReqs,servicedByWrQ,mergedWrBursts,numTotHits,numTotMisses,numColdMisses,numHotMisses,numRdMissClean,numRdMissDirty,numRdHit,numWrMissClean,numWrMissDirty,numWrHit,numRdHitDirty,numRdHitClean,numWrHitDirty,numWrHitClean,system.loc_mem_ctrl.dram.readBursts,system.loc_mem_ctrl.dram.writeBursts,system.far_mem_ctrl.dram.readBursts,system.far_mem_ctrl.dram.writeBursts,numInsts0,numInsts1,numInsts2,numInsts3,numInsts4,numInsts5,numInsts6,numInsts7,avgRdBWSys,avgWrBWSys,avgORBLen,totNumInsts,totBW,coldRate
0,bc,2.875922,31938.56,139004474,32573112,9494,0,129214948,42362638,1338774,41023864,31339976,8789848,271771,1741550,491264,183649,44759298,54115352,23770138,6570160,171462669,72628288,40119730,9281085,568146939,567692255,571999731,573524592,573119678,573179287,578517974,582542171,3093367984.63695049,724873228.33072019,7.7356,4588722627,3.8182412129676706,3.160270613931078
1,bfs,0.015544,266.76,833683,39507,26,0,727205,145985,2111,143874,118241,25611,376204,1788,345,272536,307439,382392,6738,30636,872110,182472,143832,25962,6961379,8223489,7530382,7018317,6671657,7201225,7852012,6560549,3432605184.90152216,162666064.96702516,5.7372,58019010,3.5952712498685475,1.4460389766071855
2,cc,0.058580,1078.05,2606471,280690,126,0,2100193,786968,9814,777154,671213,101906,1128632,9960,3889,433601,744013,1089339,118815,148026,2884797,1052642,772959,105788,31168679,31867030,31048871,31728699,30743162,31802199,30546140,30831162,2847605864.08133936,306657733.76684076,5.9545,249735942,3.15426359784818,1.247064683697431
3,pr,3,37198.24,172698618,2537907,14797,0,112154395,63082130,913862,62168268,60815586,2032201,992414,161544,72799,10891,18037501,91813330,391645,1911919,174400676,65091672,62844375,2102824,397479544,407062821,407363733,409899558,400334327,408366502,408690530,408680699,3684237184.00000000,54142016.00000000,6.5932,3247877714,3.7383792,1.4486860224916311
4,tc,3,27723.02,48345600,24036212,1909,0,48100356,24281456,1630137,22651319,8127429,14498683,1258,963812,691532,700,10089097,15630391,8016586,14364282,72409696,46651582,22623313,15190194,676211044,661249157,1129213664,676113334,668579817,674606428,654809961,1379166991,1031372800.00000000,512772522.66666669,4.2428,6519950396,1.5441453226666668,6.71350597756576
