,app,simSeconds,hostSeconds,readReqs,writeReqs,servicedByWrQ,mergedWrBursts,numInsts0,numInsts1,numInsts2,numInsts3,numInsts4,numInsts5,numInsts6,numInsts7,avgRdBWSys,avgWrBWSys,avgORBLen,totNumInsts,totBW,injRate
0,bc,0.427039,94784.83,87194984,5563870,11971,29,0,0,0,0,0,0,0,0,13067835960.74205971,833852328.78641188,-1,0,13.90168828952847,13.90169669749133
1,bfs,0.678699,207491.25,80938460,15793740,18456,2,0,0,0,0,0,0,0,0,7632341167.92543030,1489319317.38645124,-1,0,9.121660485311882,9.12165893864585
2,cc,-1,-1,-1,-1,-1,-1,-1,-1,-1,-1,-1,-1,-1,-1,-1,-1,-1,-8,-2e-09,1.28e-07
3,pr,0.904546,202740.84,213201052,2949716,27340,67,0,0,0,0,0,0,0,0,15084770934.11792374,208703426.94510993,-1,0,15.293474361063033,15.29347225237854
4,tc,-1,-1,-1,-1,-1,-1,-1,-1,-1,-1,-1,-1,-1,-1,-1,-1,-1,-8,-2e-09,1.28e-07
